Year (year),Region (region),State Name (state_name),State Code (state_code),District Name (district_name),District Code (district_code),Population Group (population_group),Bank Group (bank_group),Occupation Group (occupation_group),Occupation Sub Group (occupation_sub_group),Number of Accounts (no_of_accounts),Credit Limit (credit_limit),Amount Outstanding (amount_outstanding)
"2014","Northern Region","Rajasthan","08","Barmer","090","Semi-Urban","Public Sector Banks","Personal Loans","Vehicles","966.0","39.09","28.03"
"2020","Central Region","Madhya Pradesh","23","Jhabua","412","Rural","Public Sector Banks","Personal Loans","Housing","2189.0","61.08","46.33"
"2012","Central Region","Madhya Pradesh","23","Shahdol","429","Rural","Public Sector Banks","Personal Loans","Education","95.0","2.02","1.77"
"2011","Southern Region","Telangana","36","Hyderabad","507","Urban","Public Sector Banks","Industry","Food Manufacturing & Processing","29.0","92.42","78.36"
"2016","Southern Region","Tamil Nadu","33","Villupuram","596","Rural","Public Sector Banks","Industry","Petroleum, Coal Products & Nuclear Fuels","10.0","0.21","0.18"
"2020","Central Region","Chhattisgarh","22","Korba","383","Semi-Urban","Public Sector Banks","Professional And Other Services","Recreation Services","1.0","0.01","0.01"
"2022","Central Region","Uttar Pradesh","09","Kanpur Nagar","157","Semi-Urban","Public Sector Banks","Industry","Gems And Jewellery","1.0","0.02","0.02"
"2022","Northern Region","Rajasthan","08","Rajsamand","112","Semi-Urban","Private Sector Banks","Personal Loans","Education","11.0","0.55","0.41"
"2014","Southern Region","Tamil Nadu","33","Tiruppur","634","Semi-Urban","Public Sector Banks","All Others","All Others","410.0","9.79","9.09"
"2015","Northern Region","Rajasthan","08","Chittorgarh","095","Semi-Urban","Regional Rural Banks","Industry","Construction","15.0","0.53","0.38"
"2014","Central Region","Uttar Pradesh","09","Etah","138","Urban","Regional Rural Banks","Personal Loans","Housing","1.0","0.08","0.04"
"2021","Central Region","Madhya Pradesh","23","Ujjain","435","Rural","Regional Rural Banks","Industry","Chemicals & Chemical Products","6.0","0.07","0.06"
"2019","Western Region","Gujarat","24","Panch Mahals","454","Rural","Regional Rural Banks","Professional And Other Services","Tourism, Hotel & Restaurants","15.0","0.1","0.07"
"2020","Eastern Region","Bihar","10","Aurangabad","189","Urban","Foreign Banks","Industry","Other Industries","1.0","0.02","0.02"
"2022","Eastern Region","Odisha","21","Cuttack","350","Rural","Private Sector Banks","Industry","Basic Metals & Metal Products","12.0","1.51","1.28"
"2015","North Eastern Region","Arunachal Pradesh","12","Upper Subansiri","241","Semi-Urban","Public Sector Banks","Industry","Mining & Quarrying","8.0","0.23","0.15"
"2017","Central Region","Uttar Pradesh","09","Rae Bareli","175","Urban","Public Sector Banks","Industry","Beverage & Tobacco","11.0","1.36","0.81"
"2017","Northern Region","Delhi","07","New Delhi","079","Rural","Public Sector Banks","Professional And Other Services","It And Telecommunications","31.0","0.42","0.29"
"2021","Eastern Region","Odisha","21","Dhenkanal","352","Rural","Small Finance Banks","Agriculture","Direct Finance","8111.0","23.38","14.21"
"2010","Eastern Region","Jharkhand","20","Dhanbad","325","Semi-Urban","Public Sector Banks","Professional And Other Services","Tourism, Hotel & Restaurants","46.0","0.68","0.55"
"2014","North Eastern Region","Assam","18","Kokrajhar","294","Rural","Regional Rural Banks","Professional And Other Services","Tourism, Hotel & Restaurants","6.0","0.06","0.04"
"2016","Eastern Region","Bihar","10","Darbhanga","195","Urban","Private Sector Banks","Professional And Other Services","Tourism, Hotel & Restaurants","499.0","1.45","1.32"
"2020","Central Region","Uttar Pradesh","09","Jalaun","151","Semi-Urban","Public Sector Banks","Personal Loans","Education","122.0","4.46","3.53"
"2022","Central Region","Uttar Pradesh","09","Etah","138","Rural","Public Sector Banks","Industry","Rubber & Plastic Products","7.0","0.07","0.06"
"2016","North Eastern Region","Assam","18","Cachar","282","Semi-Urban","Public Sector Banks","Industry","Other Industries","48.0","2.12","1.53"
"2020","Southern Region","Telangana","36","Jogulamba Gadwal","695","Semi-Urban","Private Sector Banks","Agriculture","Direct Finance","4286.0","185.62","155.38"
"2021","North Eastern Region","Assam","18","Tinsukia","302","Semi-Urban","Public Sector Banks","Personal Loans","Housing","611.0","79.79","58.75"
"2018","Southern Region","Telangana","36","Hyderabad","507","Metropolitan","Public Sector Banks","Industry","Construction","4468.0","86225.8","58034.76"
"2021","North Eastern Region","Mizoram","15","Lawngtlai","264","Rural","Public Sector Banks","Personal Loans","Housing","125.0","7.85","4.81"
"2022","Eastern Region","Bihar","10","Siwan","222","Rural","Small Finance Banks","Industry","Gems And Jewellery","9.0","0.05","0.05"
"2017","Eastern Region","West Bengal","19","Murshidabad","319","Semi-Urban","Regional Rural Banks","Agriculture","Indirect Finance","208.0","2.05","1.6"
"2023","Central Region","Uttar Pradesh","09","Bareilly","130","Urban","Public Sector Banks","Industry","Manufacture Of Cement & Cement Products","32.0","4.86","3.15"
"2019","Eastern Region","Bihar","10","Nawada","210","Semi-Urban","Private Sector Banks","Professional And Other Services","Tourism, Hotel & Restaurants","13.0","0.16","0.14"
"2016","Western Region","Gujarat","24","Jamnagar","447","Semi-Urban","Regional Rural Banks","All Others","All Others","1.0","0.04","0.01"
"2012","Central Region","Uttar Pradesh","09","Kanpur Nagar","157","Semi-Urban","Public Sector Banks","Industry","Chemicals & Chemical Products","16.0","0.88","0.92"
"2023","Northern Region","Rajasthan","08","Churu","096","Urban","Small Finance Banks","Industry","Electricity, Gas & Water","20.0","1.01","0.71"
"2010","Southern Region","Tamil Nadu","33","Tirunelveli","592","Semi-Urban","Private Sector Banks","Industry","Construction","284.0","26.56","18.42"
"2018","Northern Region","Delhi","07","West","085","Semi-Urban","Public Sector Banks","Agriculture","Indirect Finance","6.0","0.13","0.12"
"2019","Eastern Region","West Bengal","19","Birbhum","307","Semi-Urban","Public Sector Banks","Industry","Electricity, Gas & Water","12.0","0.45","0.35"
"2010","Central Region","Uttar Pradesh","09","Mathura","167","Urban","Regional Rural Banks","Professional And Other Services","Others","2.0","0.09","0.09"
"2020","Southern Region","Tamil Nadu","33","Tiruppur","634","Rural","Public Sector Banks","Industry","Leather & Leather Products","9.0","0.4","0.24"
"2023","Eastern Region","Bihar","10","Supaul","223","Semi-Urban","Private Sector Banks","Agriculture","Direct Finance","7801.0","92.43","75.32"
"2020","Southern Region","Telangana","36","Nagarkurnool","694","Semi-Urban","Public Sector Banks","Industry","Electricity, Gas & Water","1.0","0.4","0.4"
"2011","Central Region","Madhya Pradesh","23","Khandwa (East Nimar)","405","Rural","Public Sector Banks","Industry","Electricity, Gas & Water","2.0","42.53","42.53"
"2011","Eastern Region","West Bengal","19","South 24 Parganas","304","Urban","Public Sector Banks","Transport Operators","Transport Operators","1198.0","14.83","12.11"
"2011","Northern Region","Rajasthan","08","Chittorgarh","095","Semi-Urban","Public Sector Banks","Industry","Leather & Leather Products","21.0","0.06","0.05"
"2018","Eastern Region","Sikkim","11","Gangtok","225","Urban","Private Sector Banks","Trade","Wholesale Trade","8.0","10.76","7.74"
"2022","Eastern Region","Jharkhand","20","Chatra","323","Rural","Private Sector Banks","Personal Loans","Housing","1.0","0.36","0.34"
"2022","Southern Region","Karnataka","29","Tumakuru","548","Semi-Urban","Public Sector Banks","Personal Loans","Housing","3135.0","484.06","356.43"
"2023","Western Region","Maharashtra","27","Nagpur","484","Semi-Urban","Public Sector Banks","Industry","Beverage & Tobacco","26.0","2.42","1.62"
"2015","Southern Region","Tamil Nadu","33","Virudhunagar","597","Urban","Private Sector Banks","Industry","Leather & Leather Products","5.0","0.97","0.93"
"2020","North Eastern Region","Tripura","16","Khowai","652","Semi-Urban","Regional Rural Banks","Industry","Chemicals & Chemical Products","1.0","0.05","0.03"
"2014","Northern Region","Punjab","03","Jalandhar","034","Rural","Private Sector Banks","Transport Operators","Transport Operators","238.0","22.07","8.21"
"2010","Eastern Region","Odisha","21","Nuapada","368","Semi-Urban","Private Sector Banks","Agriculture","Direct Finance","1.0","1.0","0.46"
"2016","Northern Region","Rajasthan","08","Udaipur","117","Rural","Public Sector Banks","Professional And Other Services","Tourism, Hotel & Restaurants","86.0","11.53","4.84"
"2020","Eastern Region","West Bengal","19","North 24 Parganas","303","Semi-Urban","Regional Rural Banks","Industry","Leather & Leather Products","3.0","0.12","0.12"
"2017","Eastern Region","Odisha","21","Baleshwar","346","Semi-Urban","Public Sector Banks","Personal Loans","Vehicles","610.0","19.67","14.27"
"2016","Eastern Region","Jharkhand","20","Bokaro","322","Semi-Urban","Public Sector Banks","Industry","Gems And Jewellery","6.0","0.14","0.08"
"2010","Western Region","Maharashtra","27","Latur","481","Rural","Public Sector Banks","Industry","Manufacture Of Cement & Cement Products","1.0","0.04","0.03"
"2020","North Eastern Region","Mizoram","15","Hnahthial","726","Rural","Public Sector Banks","Agriculture","Direct Finance","129.0","1.2","0.96"
"2019","Central Region","Uttar Pradesh","09","Ballia","126","Rural","Private Sector Banks","Finance","Finance","2.0","0.05","0.02"
"2011","Southern Region","Karnataka","29","Bengaluru Urban","525","Metropolitan","Private Sector Banks","Industry","Chemicals & Chemical Products","287.0","879.28","651.87"
"2020","Northern Region","Himachal Pradesh","02","Hamirpur","017","Semi-Urban","Regional Rural Banks","Industry","Other Industries","20.0","0.46","0.29"
"2023","Central Region","Uttar Pradesh","09","Meerut","169","Semi-Urban","Public Sector Banks","Industry","Textiles","228.0","11.18","8.34"
"2018","Northern Region","Rajasthan","08","Chittorgarh","095","Urban","Public Sector Banks","Professional And Other Services","Tourism, Hotel & Restaurants","44.0","18.25","9.26"
"2023","Northern Region","Rajasthan","08","Bundi","094","Rural","Private Sector Banks","Professional And Other Services","Professional Services","2.0","0.44","0.06"
"2020","Central Region","Uttar Pradesh","09","Ballia","126","Urban","Small Finance Banks","Professional And Other Services","Others","811.0","2.91","2.11"
"2013","Northern Region","Punjab","03","Ludhiana","036","Semi-Urban","Public Sector Banks","Personal Loans","Personal Credit Cards","3.0","0.01","0.0"
"2021","Northern Region","Punjab","03","Rupnagar","042","Semi-Urban","Regional Rural Banks","Personal Loans","Vehicles","35.0","1.9","1.06"
"2015","Northern Region","Haryana","06","Kaithal","066","Urban","Private Sector Banks","Industry","Vehicles,Vehicle Parts & Transport Equipments","27.0","2.13","1.66"
"2012","Central Region","Uttar Pradesh","09","Unnao","186","Rural","Regional Rural Banks","Agriculture","Direct Finance","68358.0","325.77","234.11"
"2010","Western Region","Gujarat","24","Ahmadabad","438","Semi-Urban","Regional Rural Banks","Professional And Other Services","Professional Services","3.0","0.01","0.01"
"2017","Northern Region","Rajasthan","08","Tonk","116","Urban","Foreign Banks","Personal Loans","Personal Credit Cards","2.0","0.02","0.0"
"2022","Southern Region","Tamil Nadu","33","Tuticorin","594","Rural","Private Sector Banks","Personal Loans","Personal Credit Cards","230.0","2.12","0.41"
"2011","Southern Region","Andhra Pradesh","28","Kakinada","746","Rural","Private Sector Banks","Agriculture","Indirect Finance","108.0","1.74","0.78"
"2019","Southern Region","Tamil Nadu","33","Virudhunagar","597","Urban","Private Sector Banks","Professional And Other Services","Tourism, Hotel & Restaurants","29.0","1.57","1.6"
"2023","Central Region","Madhya Pradesh","23","Ratlam","423","Urban","Small Finance Banks","Professional And Other Services","Professional Services","5.0","0.18","0.14"
"2016","Western Region","Maharashtra","27","Nashik","487","Semi-Urban","Public Sector Banks","Industry","Manufacture Of Cement & Cement Products","11.0","1.2","0.61"
"2017","Central Region","Uttar Pradesh","09","Auraiya","122","Semi-Urban","Public Sector Banks","Professional And Other Services","Professional Services","3.0","0.4","0.27"
"2023","Eastern Region","Bihar","10","Aurangabad","189","Urban","Small Finance Banks","Trade","Wholesale Trade","70.0","0.62","0.48"
"2019","Eastern Region","Bihar","10","Patna","212","Rural","Private Sector Banks","Industry","Petroleum, Coal Products & Nuclear Fuels","4.0","0.01","0.01"
"2014","Eastern Region","Bihar","10","Nalanda","209","Rural","Public Sector Banks","Industry","Food Manufacturing & Processing","80.0","8.11","6.34"
"2010","Northern Region","Chandigarh","04","Chandigarh","044","Urban","Private Sector Banks","Industry","Textiles","276.0","36.56","29.26"
"2016","Western Region","Gujarat","24","Kachchh","449","Urban","Regional Rural Banks","Transport Operators","Transport Operators","9.0","0.15","0.04"
"2023","Central Region","Madhya Pradesh","23","Jabalpur","411","Metropolitan","Small Finance Banks","All Others","All Others","96.0","0.17","0.17"
"2018","Western Region","Gujarat","24","Arvalli","672","Semi-Urban","Private Sector Banks","Personal Loans","Housing","9.0","0.97","0.85"
"2023","Northern Region","Haryana","06","Kurukshetra","068","Semi-Urban","Public Sector Banks","All Others","All Others","441.0","18.51","15.31"
"2019","Western Region","Gujarat","24","Anand","440","Semi-Urban","Public Sector Banks","Industry","Rubber & Plastic Products","48.0","7.03","4.71"
"2015","Eastern Region","Odisha","21","Khordha","362","Rural","Regional Rural Banks","Finance","Finance","3.0","0.04","0.01"
"2014","Western Region","Gujarat","24","Banas Kantha","441","Semi-Urban","Public Sector Banks","Industry","Basic Metals & Metal Products","6.0","4.17","3.64"
"2019","Western Region","Maharashtra","27","Yavatmal","500","Rural","Public Sector Banks","Industry","Food Manufacturing & Processing","81.0","1.28","1.06"
"2023","Northern Region","Rajasthan","08","Churu","096","Semi-Urban","Private Sector Banks","Finance","Finance","2.0","10.02","0.0"
"2010","Western Region","Maharashtra","27","Washim","499","Rural","Regional Rural Banks","All Others","All Others","289.0","0.53","0.23"
"2023","Northern Region","Himachal Pradesh","02","Una","026","Semi-Urban","Private Sector Banks","Industry","Electricity, Gas & Water","1.0","10.48","10.48"
"2023","Northern Region","Delhi","07","North East","081","Rural","Public Sector Banks","Industry","Textiles","10.0","0.52","0.39"
"2017","Western Region","Gujarat","24","Kheda","450","Rural","Public Sector Banks","Industry","Vehicles,Vehicle Parts & Transport Equipments","28.0","30.91","9.77"
"2019","Central Region","Madhya Pradesh","23","Gwalior","407","Metropolitan","Public Sector Banks","Trade","Retail Trade","8273.0","876.46","701.74"
"2018","Eastern Region","Odisha","21","Malkangiri","364","Rural","Private Sector Banks","Personal Loans","Education","5.0","0.89","0.31"
"2016","Southern Region","Karnataka","29","Chikkaballapura","630","Rural","Public Sector Banks","Industry","Construction","35.0","2.36","1.82"
"2015","Central Region","Uttar Pradesh","09","Unnao","186","Rural","Public Sector Banks","Industry","Paper, Paper Products & Printing","28.0","2.36","2.13"
"2016","Northern Region","Rajasthan","08","Jaipur","102","Semi-Urban","Public Sector Banks","Industry","Other Industries","727.0","25.41","18.34"
"2013","Western Region","Maharashtra","27","Nandurbar","486","Semi-Urban","Private Sector Banks","Professional And Other Services","Recreation Services","2.0","0.01","0.01"
"2023","Western Region","Maharashtra","27","Hingoli","477","Rural","Public Sector Banks","Professional And Other Services","Others","143.0","7.86","6.86"
"2019","North Eastern Region","Assam","18","Sonitpur","301","Rural","Private Sector Banks","Industry","Chemicals & Chemical Products","1.0","0.01","0.01"
"2014","Central Region","Uttar Pradesh","09","Saharanpur","177","Urban","Public Sector Banks","Industry","Construction","635.0","36.44","28.54"
"2016","Central Region","Madhya Pradesh","23","Vidisha","437","Semi-Urban","Private Sector Banks","Industry","Rubber & Plastic Products","1.0","0.01","0.01"
"2018","Central Region","Uttar Pradesh","09","Bulandshahr","134","Urban","Private Sector Banks","Industry","Paper, Paper Products & Printing","4.0","0.01","0.01"
"2022","Eastern Region","Jharkhand","20","Ranchi","339","Metropolitan","Foreign Banks","Industry","Paper, Paper Products & Printing","1.0","0.54","0.54"
"2021","Eastern Region","West Bengal","19","Dakshin Dinajpur","310","Rural","Public Sector Banks","Industry","Engineering","62.0","1.64","1.35"
"2016","Eastern Region","Jharkhand","20","Pakur","337","Semi-Urban","Private Sector Banks","Personal Loans","Others","45.0","0.01","0.01"
"2015","Eastern Region","Bihar","10","Supaul","223","Semi-Urban","Public Sector Banks","Finance","Finance","56.0","0.65","0.39"
"2016","Northern Region","Punjab","03","Kapurthala","035","Urban","Regional Rural Banks","Personal Loans","Vehicles","50.0","1.68","1.26"
"2012","Southern Region","Andhra Pradesh","28","Vizianagaram","521","Urban","Private Sector Banks","Agriculture","Indirect Finance","13.0","5.21","5.09"
"2023","Southern Region","Karnataka","29","Bengaluru Rural","526","Rural","Public Sector Banks","Personal Loans","Education","1137.0","61.37","40.59"
"2016","Eastern Region","West Bengal","19","Paschim Medinipur","318","Semi-Urban","Public Sector Banks","Professional And Other Services","Tourism, Hotel & Restaurants","42.0","1.57","1.4"
"2013","Northern Region","Chandigarh","04","Chandigarh","044","Urban","Public Sector Banks","Personal Loans","Vehicles","20870.0","756.68","530.29"
"2017","Central Region","Uttar Pradesh","09","Shrawasti","181","Rural","Public Sector Banks","Industry","Construction","12.0","0.7","0.57"
"2021","Southern Region","Tamil Nadu","33","Thiruvarur","590","Rural","Regional Rural Banks","Agriculture","Indirect Finance","3.0","0.02","0.02"
"2012","Northern Region","Ladakh","37","Leh Ladakh","009","Rural","Private Sector Banks","Industry","Vehicles,Vehicle Parts & Transport Equipments","1.0","0.15","0.03"
"2019","Southern Region","Karnataka","29","Mandya","544","Semi-Urban","Private Sector Banks","Trade","Retail Trade","86.0","6.63","5.34"
"2022","Eastern Region","Jharkhand","20","Dhanbad","325","Semi-Urban","Public Sector Banks","Professional And Other Services","Tourism, Hotel & Restaurants","155.0","3.94","2.7"
"2017","Southern Region","Kerala","32","Kollam","559","Rural","Public Sector Banks","Personal Loans","Education","907.0","27.14","24.89"
"2015","Northern Region","Himachal Pradesh","02","Kullu","020","Rural","Public Sector Banks","Personal Loans","Education","511.0","17.91","14.0"
"2012","Central Region","Uttar Pradesh","09","Basti","131","Urban","Private Sector Banks","Professional And Other Services","Professional Services","10.0","0.05","0.05"
"2014","Eastern Region","West Bengal","19","Murshidabad","319","Rural","Regional Rural Banks","Personal Loans","Others","1123.0","13.07","9.82"
"2023","Eastern Region","Bihar","10","Madhepura","205","Semi-Urban","Public Sector Banks","Industry","Vehicles,Vehicle Parts & Transport Equipments","23.0","1.22","1.01"
"2021","Central Region","Uttar Pradesh","09","Jalaun","151","Urban","Private Sector Banks","Industry","Other Industries","6.0","0.21","0.11"
"2022","Southern Region","Telangana","36","Karimnagar","508","Semi-Urban","Public Sector Banks","Professional And Other Services","Professional Services","42.0","1.31","0.85"
"2017","Western Region","Gujarat","24","Amreli","439","Rural","Public Sector Banks","Professional And Other Services","Others","375.0","2.85","1.38"
"2018","Eastern Region","Bihar","10","Patna","212","Metropolitan","Regional Rural Banks","Personal Loans","Vehicles","75.0","1.9","1.46"
"2016","Western Region","Gujarat","24","Bhavnagar","443","Rural","Public Sector Banks","Industry","Electricity, Gas & Water","1.0","0.02","0.02"
"2014","Southern Region","Karnataka","29","Uttara Kannada","550","Semi-Urban","Public Sector Banks","Personal Loans","Education","2481.0","56.72","41.41"
"2012","Northern Region","Rajasthan","08","Udaipur","117","Semi-Urban","Private Sector Banks","Trade","Retail Trade","162.0","6.94","5.19"
"2015","Southern Region","Andhra Pradesh","28","Ananthapuramu","502","Rural","Public Sector Banks","Finance","Finance","1396.0","54.26","44.69"
"2014","Central Region","Chhattisgarh","22","Gariyaband","645","Rural","Regional Rural Banks","Personal Loans","Vehicles","21.0","0.77","0.55"
"2020","Eastern Region","Bihar","10","Kishanganj","203","Semi-Urban","Private Sector Banks","Industry","Manufacture Of Cement & Cement Products","5.0","0.02","0.02"
"2015","Central Region","Madhya Pradesh","23","Guna","406","Rural","Private Sector Banks","Personal Loans","Personal Credit Cards","65.0","0.52","0.08"
"2014","North Eastern Region","Assam","18","Kokrajhar","294","Rural","Public Sector Banks","Transport Operators","Transport Operators","29.0","0.96","0.78"
"2021","Southern Region","Kerala","32","Ernakulam","555","Urban","Regional Rural Banks","Personal Loans","Vehicles","194.0","3.26","3.16"
"2014","Southern Region","Kerala","32","Kasaragod","558","Rural","Private Sector Banks","All Others","All Others","36.0","0.65","0.7"
"2013","Northern Region","Himachal Pradesh","02","Bilaspur","015","Semi-Urban","Public Sector Banks","Industry","Textiles","22.0","0.65","0.49"
"2010","Eastern Region","Bihar","10","Nawada","210","Semi-Urban","Public Sector Banks","Transport Operators","Transport Operators","74.0","1.23","1.1"
"2023","Northern Region","Rajasthan","08","Bikaner","093","Rural","Public Sector Banks","Professional And Other Services","Others","250.0","6.87","5.14"
"2013","Northern Region","Rajasthan","08","Banswara","088","Semi-Urban","Private Sector Banks","Personal Loans","Personal Credit Cards","380.0","0.89","0.1"
"2012","Southern Region","Tamil Nadu","33","Thanjavur","586","Urban","Private Sector Banks","Trade","Retail Trade","1686.0","124.2","103.03"
"2012","Northern Region","Haryana","06","Panipat","071","Rural","Public Sector Banks","All Others","All Others","337.0","7.73","6.6"
"2019","Southern Region","Karnataka","29","Yadgir","635","Semi-Urban","Private Sector Banks","Industry","Mining & Quarrying","3.0","0.38","0.31"
"2012","Western Region","Gujarat","24","Patan","455","Semi-Urban","Public Sector Banks","Industry","Electricity, Gas & Water","1.0","0.04","0.04"
"2016","Western Region","Gujarat","24","Gandhinagar","446","Urban","Regional Rural Banks","Trade","Wholesale Trade","183.0","1.37","1.11"
"2017","Central Region","Uttar Pradesh","09","Saharanpur","177","Rural","Regional Rural Banks","Personal Loans","Others","34.0","0.53","0.5"
"2019","Western Region","Gujarat","24","Morbi","673","Semi-Urban","Private Sector Banks","Industry","Mining & Quarrying","10.0","2.1","1.65"
"2017","Central Region","Madhya Pradesh","23","Sehore","427","Semi-Urban","Regional Rural Banks","Professional And Other Services","Professional Services","29.0","0.19","0.18"
"2023","Southern Region","Kerala","32","Alappuzha","554","Rural","Private Sector Banks","Personal Loans","Education","709.0","23.31","21.14"
"2011","Southern Region","Karnataka","29","Ballari","528","Urban","Private Sector Banks","Industry","Mining & Quarrying","27.0","20.22","18.68"
"2010","Southern Region","Karnataka","29","Hassan","539","Rural","Regional Rural Banks","Transport Operators","Transport Operators","106.0","0.92","0.96"
"2010","Southern Region","Tamil Nadu","33","Namakkal","580","Rural","Public Sector Banks","Industry","Construction","64.0","2.8","2.07"
"2018","Northern Region","Rajasthan","08","Jodhpur","107","Metropolitan","Private Sector Banks","Industry","Leather & Leather Products","6.0","1.18","1.04"
"2014","Southern Region","Tamil Nadu","33","Ariyalur","610","Rural","Public Sector Banks","Industry","Construction","27.0","3.46","2.15"
"2016","North Eastern Region","Assam","18","Kamrup","291","Urban","Public Sector Banks","Industry","Petroleum, Coal Products & Nuclear Fuels","21.0","129.47","103.82"
"2013","Central Region","Madhya Pradesh","23","Shahdol","429","Semi-Urban","Private Sector Banks","Personal Loans","Personal Credit Cards","189.0","0.24","0.02"
"2018","Southern Region","Karnataka","29","Chikkamagaluru","532","Rural","Public Sector Banks","Professional And Other Services","Others","2144.0","40.57","30.38"
"2023","Western Region","Maharashtra","27","Dhule","474","Semi-Urban","Small Finance Banks","Personal Loans","Education","14.0","0.04","0.02"
"2010","Central Region","Madhya Pradesh","23","Ratlam","423","Urban","Private Sector Banks","All Others","All Others","1370.0","1.7","1.53"
"2015","Central Region","Madhya Pradesh","23","Raisen","421","Semi-Urban","Private Sector Banks","Industry","Engineering","23.0","4.78","3.34"
"2016","Central Region","Uttar Pradesh","09","Bahraich","125","Urban","Public Sector Banks","Personal Loans","Consumer Durables","103.0","2.36","1.73"
"2010","Southern Region","Tamil Nadu","33","Tiruppur","634","Urban","Private Sector Banks","Industry","Leather & Leather Products","3.0","0.13","0.13"
"2010","Central Region","Madhya Pradesh","23","Guna","406","Semi-Urban","Public Sector Banks","Industry","Paper, Paper Products & Printing","1.0","0.04","0.03"
"2020","Central Region","Uttar Pradesh","09","Gautam Buddha Nagar","144","Rural","Public Sector Banks","Industry","Petroleum, Coal Products & Nuclear Fuels","1.0","0.03","0.03"
"2013","Northern Region","Punjab","03","Bathinda","028","Rural","Regional Rural Banks","Personal Loans","Vehicles","30.0","0.44","0.31"
"2014","Central Region","Uttar Pradesh","09","Jalaun","151","Urban","Private Sector Banks","Trade","Retail Trade","4.0","0.37","0.2"
"2022","Southern Region","Karnataka","29","Gadag","537","Urban","Regional Rural Banks","Professional And Other Services","Professional Services","175.0","3.51","2.09"
"2020","Northern Region","Rajasthan","08","Baran","089","Rural","Private Sector Banks","Agriculture","Direct Finance","1377.0","49.76","39.39"
"2020","Western Region","Gujarat","24","Surendranagar","460","Rural","Regional Rural Banks","Industry","Leather & Leather Products","1.0","0.0","0.0"
"2021","Eastern Region","Odisha","21","Khordha","362","Rural","Public Sector Banks","Agriculture","Direct Finance","34552.0","328.74","267.21"
"2010","Eastern Region","Jharkhand","20","Dumka","326","Rural","Public Sector Banks","Personal Loans","Personal Credit Cards","43.0","0.24","0.17"
"2015","Central Region","Uttar Pradesh","09","Sant Kabir Nagar","178","Rural","Public Sector Banks","Trade","Wholesale Trade","75.0","4.59","3.86"
"2019","Northern Region","Punjab","03","Amritsar","027","Metropolitan","Small Finance Banks","All Others","All Others","2128.0","51.44","43.94"
"2011","Eastern Region","Bihar","10","Begusarai","191","Semi-Urban","Public Sector Banks","Industry","Electricity, Gas & Water","1.0","0.19","0.1"
"2022","Northern Region","Rajasthan","08","Pali","111","Rural","Public Sector Banks","Industry","Rubber & Plastic Products","4.0","0.03","0.02"
"2018","Eastern Region","Bihar","10","Siwan","222","Rural","Public Sector Banks","Industry","Basic Metals & Metal Products","24.0","0.85","0.61"
"2012","Central Region","Uttar Pradesh","09","Lucknow","162","Semi-Urban","Private Sector Banks","Industry","Other Industries","4.0","0.23","0.19"
"2017","Northern Region","Rajasthan","08","Jhalawar","105","Semi-Urban","Regional Rural Banks","Industry","Construction","1.0","0.06","0.04"
"2017","North Eastern Region","Assam","18","Golaghat","288","Semi-Urban","Public Sector Banks","Industry","Construction","17.0","2.45","1.84"
"2010","Southern Region","Andhra Pradesh","28","Annamayya","753","Semi-Urban","Public Sector Banks","Industry","Basic Metals & Metal Products","18.0","2.34","2.17"
"2022","Northern Region","Jammu And Kashmir","01","Doda","004","Semi-Urban","Public Sector Banks","Industry","Other Industries","23.0","0.61","0.51"
"2018","Southern Region","Karnataka","29","Bengaluru Urban","525","Metropolitan","Public Sector Banks","Personal Loans","Personal Credit Cards","93906.0","570.15","196.76"
"2012","Northern Region","Rajasthan","08","Sikar","114","Urban","Public Sector Banks","Industry","Construction","34.0","18.79","11.14"
"2015","Eastern Region","Sikkim","11","Gangtok","225","Semi-Urban","Private Sector Banks","Personal Loans","Others","478.0","20.27","16.8"
"2010","Western Region","Gujarat","24","Kachchh","449","Urban","Regional Rural Banks","Finance","Finance","51.0","0.13","0.09"
"2013","Central Region","Uttar Pradesh","09","Rae Bareli","175","Urban","Private Sector Banks","Personal Loans","Housing","186.0","9.28","6.13"
"2016","Eastern Region","Jharkhand","20","Hazaribagh","332","Rural","Public Sector Banks","Trade","Wholesale Trade","68.0","2.93","2.66"
"2016","Eastern Region","Odisha","21","Mayurbhanj","365","Rural","Public Sector Banks","Industry","Gems And Jewellery","3.0","0.02","0.02"
"2019","Central Region","Uttar Pradesh","09","Jhansi","153","Semi-Urban","Private Sector Banks","Personal Loans","Vehicles","911.0","22.25","16.0"
"2020","Northern Region","Haryana","06","Hisar","063","Urban","Public Sector Banks","All Others","All Others","976.0","436.48","56.72"
"2012","Northern Region","Himachal Pradesh","02","Shimla","023","Urban","Regional Rural Banks","Personal Loans","Education","5.0","0.24","0.15"
"2022","Central Region","Madhya Pradesh","23","Bhopal","396","Metropolitan","Private Sector Banks","Personal Loans","Others","54751.0","1891.37","1352.94"
"2015","Northern Region","Himachal Pradesh","02","Una","026","Semi-Urban","Private Sector Banks","Personal Loans","Others","119.0","2.26","1.62"
"2023","Western Region","Goa","30","South Goa","552","Rural","Private Sector Banks","Trade","Wholesale Trade","49.0","32.03","24.01"
"2020","North Eastern Region","Tripura","16","South Tripura","271","Rural","Public Sector Banks","Personal Loans","Education","154.0","4.73","4.16"
"2014","Eastern Region","West Bengal","19","Dakshin Dinajpur","310","Rural","Public Sector Banks","Transport Operators","Transport Operators","165.0","6.6","4.14"
"2020","Northern Region","Punjab","03","Hoshiarpur","033","Rural","Private Sector Banks","Trade","Wholesale Trade","8.0","5.84","2.93"
"2015","Central Region","Madhya Pradesh","23","Rajgarh","422","Semi-Urban","Regional Rural Banks","Industry","Petroleum, Coal Products & Nuclear Fuels","4.0","0.48","0.43"
"2015","Central Region","Uttar Pradesh","09","Shahjahanpur","180","Urban","Private Sector Banks","Agriculture","Direct Finance","3565.0","80.91","39.48"
"2019","Central Region","Uttar Pradesh","09","Kannauj","155","Rural","Private Sector Banks","Professional And Other Services","Others","7.0","0.27","0.23"
"2012","Southern Region","Andhra Pradesh","28","West Godavari","523","Rural","Private Sector Banks","Transport Operators","Transport Operators","40.0","2.68","0.93"
"2023","Southern Region","Karnataka","29","Mandya","544","Urban","Private Sector Banks","Personal Loans","Education","37.0","3.27","2.84"
"2022","Eastern Region","Andaman And Nicobar Islands","35","North And Middle Andaman","632","Rural","Public Sector Banks","Industry","Basic Metals & Metal Products","2.0","0.12","0.11"
"2018","Western Region","Maharashtra","27","Thane","497","Metropolitan","Foreign Banks","Industry","Construction","7.0","2.01","2.01"
"2016","Northern Region","Haryana","06","Kurukshetra","068","Rural","Private Sector Banks","Industry","Food Manufacturing & Processing","2.0","0.6","0.43"
"2013","Northern Region","Himachal Pradesh","02","Sirmaur","024","Semi-Urban","Public Sector Banks","Finance","Finance","17.0","0.6","0.48"
"2015","Northern Region","Rajasthan","08","Churu","096","Rural","Public Sector Banks","Industry","Paper, Paper Products & Printing","2.0","0.03","0.03"
"2023","Eastern Region","Odisha","21","Jagatsinghapur","355","Rural","Small Finance Banks","All Others","All Others","3027.0","13.85","12.85"
"2019","Central Region","Uttar Pradesh","09","Deoria","137","Urban","Public Sector Banks","Personal Loans","Personal Credit Cards","31.0","0.14","0.07"
"2020","Southern Region","Kerala","32","Malappuram","562","Urban","Private Sector Banks","Professional And Other Services","Tourism, Hotel & Restaurants","24.0","1.76","1.13"
"2020","Central Region","Uttar Pradesh","09","Ballia","126","Urban","Public Sector Banks","Agriculture","Indirect Finance","53.0","6.12","3.96"
"2019","Western Region","Gujarat","24","Patan","455","Rural","Regional Rural Banks","Agriculture","Direct Finance","16180.0","258.57","244.93"
"2022","Southern Region","Karnataka","29","Shivamogga","547","Semi-Urban","Private Sector Banks","Industry","Electricity, Gas & Water","1.0","0.05","0.03"
"2023","Western Region","Maharashtra","27","Amravati","468","Semi-Urban","Private Sector Banks","Personal Loans","Housing","80.0","10.74","8.85"
"2018","Northern Region","Haryana","06","Hisar","063","Urban","Small Finance Banks","Professional And Other Services","Others","153.0","2.32","1.57"
"2017","North Eastern Region","Tripura","16","South Tripura","271","Rural","Public Sector Banks","Industry","Basic Metals & Metal Products","28.0","1.07","0.72"
"2020","North Eastern Region","Nagaland","13","Zunheboto","251","Rural","Public Sector Banks","Industry","Engineering","8.0","0.21","0.14"
"2022","Western Region","Gujarat","24","Surat","459","Metropolitan","Regional Rural Banks","Industry","Textiles","41.0","13.59","6.9"
"2011","Southern Region","Kerala","32","Thiruvananthapuram","565","Semi-Urban","Private Sector Banks","Personal Loans","Others","29110.0","208.69","176.15"
"2015","Central Region","Uttar Pradesh","09","Bara Banki","129","Semi-Urban","Regional Rural Banks","Personal Loans","Education","28.0","0.99","0.63"
"2019","Northern Region","Haryana","06","Jind","065","Urban","Public Sector Banks","Trade","Wholesale Trade","111.0","32.86","26.25"
"2022","Eastern Region","Jharkhand","20","Sahebganj","340","Rural","Public Sector Banks","Personal Loans","Vehicles","108.0","5.33","3.27"
"2018","Southern Region","Karnataka","29","Shivamogga","547","Urban","Public Sector Banks","Industry","Leather & Leather Products","10.0","0.2","0.17"
"2022","Western Region","Maharashtra","27","Nagpur","484","Metropolitan","Public Sector Banks","Industry","Rubber & Plastic Products","394.0","189.98","129.97"
"2014","Central Region","Madhya Pradesh","23","Bhind","395","Rural","Public Sector Banks","Trade","Wholesale Trade","8.0","0.36","0.32"
"2016","Western Region","Gujarat","24","Morbi","673","Urban","Public Sector Banks","Personal Loans","Others","513.0","18.34","13.94"
"2014","Central Region","Uttar Pradesh","09","Etawah","139","Rural","Regional Rural Banks","Agriculture","Direct Finance","28371.0","132.92","98.62"
"2010","Central Region","Uttar Pradesh","09","Pratapgarh","174","Rural","Public Sector Banks","Professional And Other Services","Tourism, Hotel & Restaurants","13.0","0.15","0.14"
"2019","Southern Region","Tamil Nadu","33","Tiruvannamalai","593","Semi-Urban","Private Sector Banks","Industry","Paper, Paper Products & Printing","9.0","3.83","3.79"
"2023","Northern Region","Rajasthan","08","Karauli","108","Urban","Public Sector Banks","Industry","Rubber & Plastic Products","9.0","1.19","0.77"
"2019","Northern Region","Jammu And Kashmir","01","Udhampur","014","Semi-Urban","Public Sector Banks","Professional And Other Services","Recreation Services","8.0","0.36","0.31"
"2022","Southern Region","Tamil Nadu","33","Ranipet","731","Rural","Private Sector Banks","Industry","Other Industries","217.0","2.97","2.17"
"2011","Western Region","Gujarat","24","Ahmadabad","438","Semi-Urban","Public Sector Banks","Transport Operators","Transport Operators","206.0","4.87","4.56"
"2017","Northern Region","Rajasthan","08","Dholpur","098","Urban","Private Sector Banks","Personal Loans","Others","865.0","35.8","29.17"
"2019","Central Region","Uttarakhand","05","Rudra Prayag","054","Rural","Public Sector Banks","All Others","All Others","241.0","4.6","3.55"
"2010","Western Region","Gujarat","24","Bhavnagar","443","Urban","Public Sector Banks","Personal Loans","Vehicles","1809.0","29.93","23.04"
"2023","Northern Region","Rajasthan","08","Kota","109","Semi-Urban","Private Sector Banks","All Others","All Others","664.0","81.41","69.18"
"2022","Central Region","Uttar Pradesh","09","Ballia","126","Semi-Urban","Public Sector Banks","Industry","Petroleum, Coal Products & Nuclear Fuels","4.0","0.35","0.24"
"2012","Central Region","Uttarakhand","05","Pauri Garhwal","052","Semi-Urban","Public Sector Banks","Professional And Other Services","Others","249.0","8.06","6.05"
"2014","Central Region","Uttar Pradesh","09","Gorakhpur","148","Urban","Public Sector Banks","Industry","Basic Metals & Metal Products","55.0","152.57","92.37"
"2013","Eastern Region","West Bengal","19","Purba Medinipur","317","Semi-Urban","Public Sector Banks","Industry","Manufacture Of Cement & Cement Products","12.0","0.81","0.74"
"2017","Eastern Region","Jharkhand","20","West Singhbhum","343","Urban","Public Sector Banks","Industry","Paper, Paper Products & Printing","65.0","35.54","31.17"
"2017","Eastern Region","West Bengal","19","Darjeeling","309","Urban","Public Sector Banks","Industry","Basic Metals & Metal Products","77.0","88.11","77.48"
"2020","Central Region","Uttar Pradesh","09","Jhansi","153","Urban","Public Sector Banks","Professional And Other Services","Recreation Services","36.0","4.98","3.89"
"2020","Western Region","Gujarat","24","Amreli","439","Rural","Regional Rural Banks","Professional And Other Services","Recreation Services","16.0","0.17","0.11"
"2018","Central Region","Uttar Pradesh","09","Mahrajganj","164","Semi-Urban","Public Sector Banks","Industry","Paper, Paper Products & Printing","11.0","0.31","0.21"
"2018","Southern Region","Karnataka","29","Kolar","542","Rural","Private Sector Banks","Agriculture","Indirect Finance","153.0","0.67","0.4"
"2023","North Eastern Region","Tripura","16","South Tripura","271","Rural","Regional Rural Banks","Industry","Manufacture Of Cement & Cement Products","16.0","0.5","0.36"
"2019","Eastern Region","West Bengal","19","Uttar Dinajpur","311","Rural","Public Sector Banks","Professional And Other Services","It And Telecommunications","23.0","0.2","0.17"
"2019","Northern Region","Jammu And Kashmir","01","Poonch","010","Semi-Urban","Public Sector Banks","Transport Operators","Transport Operators","26.0","1.22","0.74"
"2011","Northern Region","Jammu And Kashmir","01","Pulwama","011","Rural","Public Sector Banks","Agriculture","Direct Finance","144.0","2.11","1.63"
"2011","Southern Region","Tamil Nadu","33","Kanniyakumari","575","Semi-Urban","Private Sector Banks","Industry","Gems And Jewellery","1.0","0.1","0.1"
"2017","Eastern Region","Odisha","21","Kendujhar","361","Rural","Public Sector Banks","Industry","Food Manufacturing & Processing","39.0","2.85","1.82"
"2019","North Eastern Region","Meghalaya","17","East Garo Hills","273","Rural","Public Sector Banks","Agriculture","Indirect Finance","4.0","0.03","0.02"
"2013","North Eastern Region","Assam","18","Kamrup","291","Semi-Urban","Public Sector Banks","Industry","Construction","145.0","433.04","410.07"
"2010","Western Region","Gujarat","24","Narmada","452","Semi-Urban","Private Sector Banks","Personal Loans","Education","1.0","0.03","0.03"
"2011","Western Region","Maharashtra","27","Jalgaon","478","Rural","Public Sector Banks","Industry","Rubber & Plastic Products","3.0","0.04","0.05"
"2013","Southern Region","Tamil Nadu","33","Sivaganga","585","Rural","Public Sector Banks","Industry","Gems And Jewellery","48.0","0.51","0.53"
"2023","Eastern Region","Odisha","21","Sambalpur","371","Semi-Urban","Small Finance Banks","Industry","Food Manufacturing & Processing","16.0","0.05","0.03"
"2020","Southern Region","Telangana","36","Mahabubnagar","512","Rural","Public Sector Banks","Industry","Food Manufacturing & Processing","26.0","7.85","5.24"
"2013","Northern Region","Punjab","03","Bathinda","028","Semi-Urban","Public Sector Banks","Industry","Construction","42.0","4.03","3.42"
"2020","Eastern Region","Odisha","21","Kendujhar","361","Semi-Urban","Public Sector Banks","Industry","Rubber & Plastic Products","21.0","1.9","1.58"
"2021","Eastern Region","Jharkhand","20","East Singhbum","327","Semi-Urban","Private Sector Banks","Personal Loans","Consumer Durables","161.0","0.02","0.0"
"2018","Central Region","Uttar Pradesh","09","Azamgarh","123","Urban","Public Sector Banks","Industry","Beverage & Tobacco","12.0","1.95","1.64"
"2019","Northern Region","Delhi","07","Shahdara","671","Metropolitan","Private Sector Banks","Trade","Wholesale Trade","167.0","133.17","100.46"
"2018","Southern Region","Kerala","32","Kollam","559","Urban","Private Sector Banks","Industry","Woods And Wood Products","39.0","3.97","3.11"
"2012","Northern Region","Haryana","06","Jind","065","Semi-Urban","Public Sector Banks","Industry","Paper, Paper Products & Printing","12.0","0.66","0.42"
"2013","Northern Region","Rajasthan","08","Bikaner","093","Urban","Public Sector Banks","Industry","Petroleum, Coal Products & Nuclear Fuels","2.0","0.55","0.53"
"2021","Northern Region","Punjab","03","Faridkot","029","Semi-Urban","Public Sector Banks","Industry","Manufacture Of Cement & Cement Products","19.0","2.21","1.7"
"2016","Central Region","Uttar Pradesh","09","Varanasi","187","Metropolitan","Private Sector Banks","Industry","Leather & Leather Products","69.0","0.89","0.83"
"2014","Eastern Region","Bihar","10","Patna","212","Urban","Regional Rural Banks","Personal Loans","Housing","143.0","13.35","9.57"
"2014","Northern Region","Himachal Pradesh","02","Sirmaur","024","Semi-Urban","Public Sector Banks","Professional And Other Services","Recreation Services","8.0","0.08","0.06"
"2012","Southern Region","Karnataka","29","Yadgir","635","Semi-Urban","Public Sector Banks","Industry","Other Industries","59.0","0.58","0.48"
"2022","Southern Region","Tamil Nadu","33","Tirupathur","732","Semi-Urban","Private Sector Banks","Personal Loans","Others","6671.0","203.87","161.6"
"2022","Northern Region","Rajasthan","08","Jhunjhunu","106","Semi-Urban","Private Sector Banks","Industry","Chemicals & Chemical Products","10.0","0.18","0.17"
"2010","Northern Region","Punjab","03","Ludhiana","036","Metropolitan","Private Sector Banks","Industry","Construction","176.0","56.94","44.95"
"2021","Northern Region","Jammu And Kashmir","01","Jammu","005","Semi-Urban","Private Sector Banks","Industry","Construction","24.0","21.48","9.9"
"2020","Eastern Region","Bihar","10","Begusarai","191","Rural","Private Sector Banks","Personal Loans","Others","3.0","0.11","0.04"
"2022","Northern Region","Rajasthan","08","Banswara","088","Semi-Urban","Regional Rural Banks","Agriculture","Direct Finance","1168.0","17.44","16.98"
"2015","Southern Region","Andhra Pradesh","28","Visakhapatnam","520","Urban","Private Sector Banks","Personal Loans","Vehicles","3.0","0.23","0.16"
"2022","Central Region","Chhattisgarh","22","Janjgir-Champa","379","Semi-Urban","Private Sector Banks","Industry","Food Manufacturing & Processing","569.0","29.54","21.87"
"2015","Eastern Region","Odisha","21","Gajapati","353","Rural","Public Sector Banks","Industry","Electricity, Gas & Water","1.0","0.0","0.0"
"2021","Western Region","Maharashtra","27","Satara","494","Semi-Urban","Regional Rural Banks","Professional And Other Services","Others","64.0","3.54","2.89"
"2021","Southern Region","Tamil Nadu","33","Salem","584","Semi-Urban","Private Sector Banks","Personal Loans","Housing","1182.0","178.86","145.82"
"2016","Central Region","Madhya Pradesh","23","Shahdol","429","Rural","Public Sector Banks","Agriculture","Direct Finance","5940.0","56.87","56.17"
"2020","Central Region","Uttar Pradesh","09","Siddharthnagar","182","Semi-Urban","Private Sector Banks","Professional And Other Services","Professional Services","2.0","0.09","0.08"
"2023","Eastern Region","Bihar","10","Kaimur (Bhabua)","200","Rural","Public Sector Banks","Industry","Rubber & Plastic Products","9.0","0.65","0.59"
"2017","Eastern Region","Bihar","10","Kishanganj","203","Urban","Public Sector Banks","Transport Operators","Transport Operators","40.0","4.96","3.59"
"2019","Southern Region","Telangana","36","Kamareddy","685","Semi-Urban","Private Sector Banks","Industry","Food Manufacturing & Processing","7.0","0.2","0.2"
"2011","Eastern Region","West Bengal","19","Darjeeling","309","Urban","Regional Rural Banks","Industry","Manufacture Of Cement & Cement Products","3.0","0.08","0.08"
"2021","Western Region","Maharashtra","27","Gondia","476","Rural","Regional Rural Banks","Industry","Chemicals & Chemical Products","14.0","0.21","0.19"
"2017","North Eastern Region","Assam","18","Kokrajhar","294","Semi-Urban","Public Sector Banks","Trade","Retail Trade","641.0","22.44","17.96"
"2016","Central Region","Chhattisgarh","22","Dakshin Bastar Dantewada","376","Rural","Regional Rural Banks","Agriculture","Direct Finance","366.0","2.29","1.61"
"2023","Southern Region","Tamil Nadu","33","Sivaganga","585","Urban","Public Sector Banks","Industry","Rubber & Plastic Products","3.0","0.23","0.23"
"2021","Northern Region","Rajasthan","08","Rajsamand","112","Semi-Urban","Public Sector Banks","Personal Loans","Vehicles","1785.0","112.58","76.22"
"2021","Northern Region","Punjab","03","Barnala","605","Urban","Private Sector Banks","Trade","Retail Trade","510.0","94.63","66.26"
"2023","Northern Region","Delhi","07","North West","082","Metropolitan","Foreign Banks","Personal Loans","Personal Credit Cards","700.0","15.94","1.73"
"2015","Northern Region","Rajasthan","08","Tonk","116","Semi-Urban","Regional Rural Banks","Personal Loans","Housing","29.0","1.73","1.14"
"2016","North Eastern Region","Tripura","16","North Tripura","270","Semi-Urban","Regional Rural Banks","Industry","Rubber & Plastic Products","2.0","0.13","0.09"
"2018","Western Region","Gujarat","24","Patan","455","Semi-Urban","Regional Rural Banks","Industry","Rubber & Plastic Products","1.0","1.25","0.83"
"2011","Western Region","Gujarat","24","Surendranagar","460","Semi-Urban","Regional Rural Banks","Personal Loans","Education","11.0","0.08","0.04"
"2011","Central Region","Madhya Pradesh","23","Shahdol","429","Semi-Urban","Public Sector Banks","Industry","Other Industries","66.0","2.51","2.05"
"2010","Central Region","Uttar Pradesh","09","Farrukhabad","141","Semi-Urban","Regional Rural Banks","Personal Loans","Education","13.0","0.44","0.28"
"2019","Southern Region","Karnataka","29","Koppal","543","Semi-Urban","Public Sector Banks","Industry","Basic Metals & Metal Products","17.0","1.28","0.53"
"2022","Southern Region","Tamil Nadu","33","Erode","573","Rural","Public Sector Banks","Industry","Vehicles,Vehicle Parts & Transport Equipments","46.0","6.86","5.27"
"2017","Eastern Region","West Bengal","19","Bankura","305","Semi-Urban","Regional Rural Banks","Trade","Wholesale Trade","196.0","0.77","0.86"
"2015","Southern Region","Tamil Nadu","33","Sivaganga","585","Rural","Regional Rural Banks","Transport Operators","Transport Operators","21.0","0.81","0.59"
"2019","Southern Region","Karnataka","29","Bengaluru Rural","526","Semi-Urban","Foreign Banks","Transport Operators","Transport Operators","16.0","40.9","20.88"
"2019","Central Region","Chhattisgarh","22","Korba","383","Rural","Public Sector Banks","Industry","Other Industries","40.0","1.39","1.31"
"2023","Eastern Region","Odisha","21","Nayagarh","367","Rural","Public Sector Banks","Trade","Retail Trade","7135.0","138.32","109.69"
"2019","Central Region","Chhattisgarh","22","Rajnandgaon","388","Semi-Urban","Private Sector Banks","Industry","Leather & Leather Products","5.0","0.02","0.02"
"2017","Eastern Region","Bihar","10","Samastipur","217","Semi-Urban","Public Sector Banks","Agriculture","Indirect Finance","574.0","66.05","54.39"
"2023","Central Region","Madhya Pradesh","23","Chhindwara","399","Semi-Urban","Private Sector Banks","Finance","Finance","21.0","2.98","2.07"
"2022","Western Region","Gujarat","24","Vadodara","461","Semi-Urban","Small Finance Banks","Professional And Other Services","Professional Services","122.0","0.59","0.3"
"2016","Western Region","Gujarat","24","Sabar Kantha","458","Semi-Urban","Public Sector Banks","Professional And Other Services","Recreation Services","11.0","2.27","1.78"
"2019","Western Region","Maharashtra","27","Nashik","487","Semi-Urban","Regional Rural Banks","Personal Loans","Consumer Durables","52.0","2.05","1.43"
"2023","North Eastern Region","Assam","18","Tinsukia","302","Urban","Regional Rural Banks","Industry","Electricity, Gas & Water","7.0","0.03","0.02"
"2018","Southern Region","Tamil Nadu","33","Tirunelveli","592","Semi-Urban","Private Sector Banks","Industry","Electricity, Gas & Water","11.0","2.89","2.15"
"2017","Central Region","Uttar Pradesh","09","Shahjahanpur","180","Urban","Regional Rural Banks","Industry","Textiles","152.0","0.83","0.7"
"2011","Northern Region","Himachal Pradesh","02","Kangra","018","Rural","Private Sector Banks","Personal Loans","Education","7.0","0.31","0.21"
"2011","Western Region","Maharashtra","27","Ratnagiri","492","Semi-Urban","Regional Rural Banks","Professional And Other Services","It And Telecommunications","4.0","0.19","0.2"
"2017","Eastern Region","West Bengal","19","Purba Bardhaman","306","Rural","Private Sector Banks","Personal Loans","Housing","11.0","0.68","0.56"
"2022","Central Region","Chhattisgarh","22","Balod","646","Semi-Urban","Small Finance Banks","All Others","All Others","258.0","3.3","3.09"
"2023","Northern Region","Punjab","03","Ludhiana","036","Metropolitan","Small Finance Banks","Trade","Wholesale Trade","237.0","22.81","19.33"
"2022","Eastern Region","Bihar","10","Buxar","194","Semi-Urban","Public Sector Banks","Agriculture","Indirect Finance","184.0","6.96","6.32"
"2010","Central Region","Uttar Pradesh","09","Kushinagar","160","Semi-Urban","Public Sector Banks","Professional And Other Services","Professional Services","10.0","0.08","0.03"
"2015","Southern Region","Karnataka","29","Bengaluru Urban","525","Semi-Urban","Private Sector Banks","Industry","Basic Metals & Metal Products","8.0","24.89","18.16"
"2021","Southern Region","Kerala","32","Alappuzha","554","Semi-Urban","Small Finance Banks","Professional And Other Services","It And Telecommunications","2.0","0.01","0.01"
"2010","Eastern Region","Odisha","21","Puri","369","Semi-Urban","Public Sector Banks","All Others","All Others","34.0","1.09","0.56"
"2022","Central Region","Uttar Pradesh","09","Mau","168","Rural","Public Sector Banks","Industry","Beverage & Tobacco","9.0","0.52","0.35"
"2019","North Eastern Region","Arunachal Pradesh","12","Tirap","239","Rural","Public Sector Banks","Personal Loans","Others","2243.0","103.71","73.92"
"2021","Eastern Region","Odisha","21","Bhadrak","348","Rural","Regional Rural Banks","Professional And Other Services","Others","277.0","6.08","3.98"
"2017","Central Region","Madhya Pradesh","23","Bhind","395","Urban","Public Sector Banks","Industry","Textiles","20.0","0.35","0.32"
"2022","Northern Region","Punjab","03","Moga","038","Rural","Small Finance Banks","Personal Loans","Housing","13.0","1.81","1.76"
"2011","Southern Region","Karnataka","29","Kalaburagi","538","Semi-Urban","Public Sector Banks","Agriculture","Indirect Finance","1283.0","31.39","30.13"
"2021","Southern Region","Tamil Nadu","33","Virudhunagar","597","Urban","Private Sector Banks","Professional And Other Services","Others","310.0","68.58","54.75"
"2021","Central Region","Uttar Pradesh","09","Bahraich","125","Urban","Public Sector Banks","Transport Operators","Transport Operators","184.0","5.12","3.12"
"2013","Western Region","Maharashtra","27","Gondia","476","Semi-Urban","Regional Rural Banks","Professional And Other Services","Tourism, Hotel & Restaurants","34.0","0.72","0.34"
"2013","Southern Region","Tamil Nadu","33","Cuddalore","570","Rural","Public Sector Banks","Industry","Basic Metals & Metal Products","68.0","0.88","0.79"
"2021","North Eastern Region","Assam","18","Karbi Anglong","292","Semi-Urban","Public Sector Banks","Personal Loans","Personal Credit Cards","1345.0","3.82","3.81"
"2020","Northern Region","Rajasthan","08","Jaipur","102","Rural","Public Sector Banks","Industry","Other Industries","487.0","11.31","9.44"
"2015","Southern Region","Tamil Nadu","33","Dharmapuri","571","Rural","Private Sector Banks","Industry","Textiles","7.0","0.38","0.34"
"2010","North Eastern Region","Nagaland","13","Mokokchung","246","Rural","Public Sector Banks","Industry","Gems And Jewellery","1.0","0.02","0.02"
"2018","Western Region","The Dadra And Nagar Haveli And Daman And Diu","38","Dadra And Nagar Haveli","465","Semi-Urban","Private Sector Banks","Industry","Engineering","60.0","74.18","63.07"
"2011","Southern Region","Andhra Pradesh","28","Guntur","506","Semi-Urban","Private Sector Banks","Industry","Mining & Quarrying","2.0","0.2","0.15"
"2020","Western Region","Maharashtra","27","Satara","494","Semi-Urban","Small Finance Banks","Industry","Other Industries","2086.0","7.77","4.08"
"2011","Northern Region","Rajasthan","08","Jaipur","102","Semi-Urban","Public Sector Banks","Personal Loans","Housing","1810.0","76.69","65.02"
"2016","Central Region","Uttar Pradesh","09","Sultanpur","185","Rural","Public Sector Banks","Personal Loans","Vehicles","1025.0","37.19","25.39"
"2021","Northern Region","Punjab","03","Jalandhar","034","Rural","Public Sector Banks","Industry","Mining & Quarrying","160.0","1.24","1.14"
"2021","Southern Region","Telangana","36","Jogulamba Gadwal","695","Semi-Urban","Private Sector Banks","Personal Loans","Housing","37.0","1.34","1.0"
"2014","Central Region","Madhya Pradesh","23","Panna","420","Semi-Urban","Public Sector Banks","Industry","Manufacture Of Cement & Cement Products","15.0","0.3","0.13"
"2015","Central Region","Chhattisgarh","22","Janjgir-Champa","379","Rural","Regional Rural Banks","Personal Loans","Vehicles","37.0","1.02","0.67"
"2011","Central Region","Madhya Pradesh","23","Barwani","393","Semi-Urban","Private Sector Banks","Personal Loans","Education","1.0","0.1","0.06"
"2012","Southern Region","Puducherry","34","Pondicherry","600","Rural","Private Sector Banks","Transport Operators","Transport Operators","17.0","0.94","0.21"
"2018","Eastern Region","Odisha","21","Sundargarh","373","Urban","Public Sector Banks","Transport Operators","Transport Operators","1674.0","230.7","149.45"
"2023","Northern Region","Punjab","03","Patiala","041","Urban","Private Sector Banks","Industry","Rubber & Plastic Products","136.0","30.27","25.41"
"2017","Northern Region","Jammu And Kashmir","01","Udhampur","014","Rural","Public Sector Banks","Personal Loans","Housing","184.0","13.43","10.12"
"2016","Central Region","Uttar Pradesh","09","Kushinagar","160","Rural","Public Sector Banks","Industry","Leather & Leather Products","7.0","0.2","0.17"
"2020","Western Region","Maharashtra","27","Washim","499","Semi-Urban","Public Sector Banks","Industry","Chemicals & Chemical Products","16.0","0.83","0.49"
"2023","Southern Region","Telangana","36","Yadadri Bhuvanagiri","697","Rural","Public Sector Banks","Industry","Other Industries","69.0","1.73","1.54"
"2016","Southern Region","Karnataka","29","Chamarajanagara","531","Semi-Urban","Regional Rural Banks","Industry","Other Industries","3.0","0.06","0.06"
"2017","Southern Region","Karnataka","29","Bidar","529","Urban","Regional Rural Banks","Personal Loans","Education","183.0","4.67","3.82"
"2019","North Eastern Region","Manipur","14","Kamjong","717","Rural","Public Sector Banks","Professional And Other Services","Tourism, Hotel & Restaurants","1.0","0.0","0.0"
"2019","Southern Region","Karnataka","29","Ballari","528","Semi-Urban","Regional Rural Banks","Industry","Rubber & Plastic Products","1.0","0.05","0.05"
"2016","Central Region","Uttarakhand","05","Udam Singh Nagar","056","Rural","Private Sector Banks","Professional And Other Services","Professional Services","7.0","0.18","0.11"
"2014","Northern Region","Punjab","03","Kapurthala","035","Urban","Regional Rural Banks","Agriculture","Direct Finance","115.0","5.02","4.48"
"2010","Western Region","Gujarat","24","Amreli","439","Rural","Public Sector Banks","Industry","Vehicles,Vehicle Parts & Transport Equipments","2.0","75.0","52.5"
"2014","Eastern Region","Jharkhand","20","Saraikela Kharsawan","341","Semi-Urban","Regional Rural Banks","Personal Loans","Education","6.0","0.33","0.18"
"2012","Central Region","Madhya Pradesh","23","Sehore","427","Semi-Urban","Public Sector Banks","Professional And Other Services","It And Telecommunications","4.0","0.14","0.1"
"2022","Central Region","Uttar Pradesh","09","Etawah","139","Rural","Private Sector Banks","Industry","Construction","2.0","0.14","0.09"
"2018","Northern Region","Jammu And Kashmir","01","Srinagar","013","Metropolitan","Public Sector Banks","Industry","Electricity, Gas & Water","4.0","0.06","0.0"
"2018","Central Region","Chhattisgarh","22","Mahasamund","385","Semi-Urban","Public Sector Banks","Professional And Other Services","Tourism, Hotel & Restaurants","74.0","2.09","1.51"
"2021","Northern Region","Delhi","07","North West","082","Metropolitan","Small Finance Banks","Finance","Finance","31.0","0.45","0.32"
"2010","North Eastern Region","Assam","18","Tinsukia","302","Semi-Urban","Regional Rural Banks","All Others","All Others","255.0","0.61","0.6"
"2018","Eastern Region","West Bengal","19","Bankura","305","Urban","Private Sector Banks","Industry","Basic Metals & Metal Products","9.0","0.06","0.05"
"2019","Southern Region","Kerala","32","Ernakulam","555","Rural","Public Sector Banks","Industry","Textiles","38.0","1.43","1.12"
"2016","Central Region","Madhya Pradesh","23","Vidisha","437","Rural","Public Sector Banks","Personal Loans","Vehicles","326.0","11.47","8.42"
"2023","Eastern Region","Bihar","10","Banka","190","Rural","Public Sector Banks","Personal Loans","Vehicles","395.0","21.74","16.58"
"2011","Eastern Region","Odisha","21","Boudh","349","Rural","Public Sector Banks","Industry","Chemicals & Chemical Products","2.0","0.02","0.02"
"2010","Central Region","Uttar Pradesh","09","Fatehpur","142","Rural","Regional Rural Banks","Industry","Woods And Wood Products","1.0","0.02","0.02"
"2019","Central Region","Madhya Pradesh","23","Gwalior","407","Semi-Urban","Small Finance Banks","All Others","All Others","2.0","0.01","0.01"
"2018","North Eastern Region","Meghalaya","17","Ri Bhoi","276","Semi-Urban","Public Sector Banks","Industry","Woods And Wood Products","1.0","0.02","0.02"
"2018","North Eastern Region","Nagaland","13","Kohima","245","Semi-Urban","Private Sector Banks","Agriculture","Direct Finance","206.0","1.36","0.88"
"2018","Central Region","Chhattisgarh","22","Balod","646","Semi-Urban","Private Sector Banks","Trade","Wholesale Trade","40.0","5.04","6.04"
"2020","Southern Region","Telangana","36","Karimnagar","508","Urban","Private Sector Banks","Personal Loans","Housing","892.0","144.84","117.09"
"2020","Central Region","Madhya Pradesh","23","Ratlam","423","Urban","Small Finance Banks","Industry","Woods And Wood Products","1.0","0.05","0.05"
"2014","Northern Region","Rajasthan","08","Jodhpur","107","Semi-Urban","Private Sector Banks","Industry","Food Manufacturing & Processing","1.0","0.4","0.39"
"2014","Northern Region","Chandigarh","04","Chandigarh","044","Rural","Private Sector Banks","Industry","Rubber & Plastic Products","1.0","0.25","0.06"
"2014","Northern Region","Haryana","06","Bhiwani","059","Urban","Public Sector Banks","Trade","Wholesale Trade","86.0","27.08","24.43"
"2015","Central Region","Madhya Pradesh","23","Chhindwara","399","Semi-Urban","Regional Rural Banks","Personal Loans","Others","385.0","4.1","2.35"
"2015","Central Region","Uttar Pradesh","09","Sitapur","183","Semi-Urban","Private Sector Banks","All Others","All Others","169.0","0.04","0.03"
"2022","Western Region","Maharashtra","27","Akola","467","Urban","Regional Rural Banks","Personal Loans","Education","16.0","0.5","0.3"
"2011","Western Region","Gujarat","24","Kheda","450","Semi-Urban","Regional Rural Banks","Finance","Finance","2.0","0.04","0.04"
"2019","Southern Region","Karnataka","29","Raichur","546","Semi-Urban","Regional Rural Banks","Industry","Textiles","15.0","0.15","0.11"
"2021","Northern Region","Rajasthan","08","Jhunjhunu","106","Urban","Small Finance Banks","Finance","Finance","2.0","0.26","0.26"
"2022","Eastern Region","West Bengal","19","Uttar Dinajpur","311","Semi-Urban","Private Sector Banks","Personal Loans","Education","2.0","0.03","0.03"
"2010","Eastern Region","Odisha","21","Bargarh","347","Semi-Urban","Public Sector Banks","Industry","Textiles","238.0","7.53","5.67"
"2020","Northern Region","Rajasthan","08","Barmer","090","Semi-Urban","Public Sector Banks","Industry","Mining & Quarrying","14.0","3.41","2.99"
"2023","Eastern Region","West Bengal","19","Uttar Dinajpur","311","Urban","Public Sector Banks","Personal Loans","Consumer Durables","93.0","2.14","1.58"
"2016","Eastern Region","Bihar","10","Rohtas","215","Urban","Public Sector Banks","Industry","Beverage & Tobacco","2.0","0.2","0.2"
"2022","Central Region","Uttar Pradesh","09","Bareilly","130","Rural","Public Sector Banks","Professional And Other Services","Professional Services","19.0","0.2","0.2"
"2015","Eastern Region","Odisha","21","Bargarh","347","Semi-Urban","Public Sector Banks","Personal Loans","Personal Credit Cards","3.0","0.01","0.01"
"2022","Southern Region","Karnataka","29","Koppal","543","Rural","Private Sector Banks","Industry","Textiles","7.0","13.18","12.22"
"2010","Western Region","Gujarat","24","Ahmadabad","438","Urban","Foreign Banks","Industry","Chemicals & Chemical Products","71.0","10.35","5.77"
"2015","Eastern Region","Bihar","10","Kaimur (Bhabua)","200","Semi-Urban","Private Sector Banks","Transport Operators","Transport Operators","4.0","0.32","0.22"
"2010","North Eastern Region","Arunachal Pradesh","12","Upper Subansiri","241","Rural","Public Sector Banks","Personal Loans","Others","372.0","11.46","9.39"
"2022","Southern Region","Tamil Nadu","33","The Nilgiris","587","Semi-Urban","Foreign Banks","Trade","Wholesale Trade","5.0","0.25","0.25"
"2010","Western Region","Maharashtra","27","Kolhapur","480","Rural","Public Sector Banks","Industry","Mining & Quarrying","11.0","0.7","0.56"
"2019","Central Region","Uttar Pradesh","09","Mirzapur","170","Urban","Public Sector Banks","Industry","Vehicles,Vehicle Parts & Transport Equipments","16.0","0.81","0.65"
"2020","Northern Region","Chandigarh","04","Chandigarh","044","Semi-Urban","Public Sector Banks","Transport Operators","Transport Operators","68.0","2.1","1.4"
"2018","Northern Region","Haryana","06","Karnal","067","Semi-Urban","Private Sector Banks","Trade","Retail Trade","690.0","36.19","29.28"
"2015","Western Region","Maharashtra","27","Jalna","479","Urban","Regional Rural Banks","Professional And Other Services","Others","7.0","0.25","0.22"
"2018","Central Region","Chhattisgarh","22","Bastar","374","Rural","Small Finance Banks","Professional And Other Services","Tourism, Hotel & Restaurants","6.0","0.3","0.23"
"2013","Southern Region","Karnataka","29","Kalaburagi","538","Rural","Private Sector Banks","Personal Loans","Consumer Durables","2.0","0.01","0.01"
"2013","Northern Region","Haryana","06","Panipat","071","Rural","Public Sector Banks","Industry","Electricity, Gas & Water","1.0","0.01","0.01"
"2020","Northern Region","Jammu And Kashmir","01","Srinagar","013","Metropolitan","Public Sector Banks","Transport Operators","Transport Operators","895.0","33.46","16.37"
"2021","Southern Region","Karnataka","29","Uttara Kannada","550","Semi-Urban","Private Sector Banks","Trade","Wholesale Trade","251.0","53.18","44.77"
"2022","Eastern Region","Odisha","21","Sonepur","372","Semi-Urban","Small Finance Banks","Agriculture","Indirect Finance","13.0","0.03","0.03"
"2016","North Eastern Region","Assam","18","Baksa","616","Rural","Regional Rural Banks","Personal Loans","Vehicles","21.0","0.62","0.41"
"2010","North Eastern Region","Assam","18","Bongaigaon","281","Rural","Public Sector Banks","Finance","Finance","250.0","3.01","2.36"
"2017","Southern Region","Karnataka","29","Bengaluru Urban","525","Metropolitan","Private Sector Banks","Professional And Other Services","Recreation Services","309.0","233.59","162.17"
"2012","Southern Region","Puducherry","34","Pondicherry","600","Semi-Urban","Public Sector Banks","Industry","Food Manufacturing & Processing","16.0","8.27","6.31"
"2021","Southern Region","Karnataka","29","Gadag","537","Rural","Public Sector Banks","Transport Operators","Transport Operators","50.0","1.05","0.72"
"2022","Central Region","Uttar Pradesh","09","Kanpur Dehat","156","Semi-Urban","Foreign Banks","Professional And Other Services","Professional Services","6.0","0.0","0.0"
"2023","Northern Region","Rajasthan","08","Bikaner","093","Urban","Private Sector Banks","Industry","Food Manufacturing & Processing","7100.0","556.5","394.87"
"2010","Eastern Region","West Bengal","19","Bankura","305","Semi-Urban","Regional Rural Banks","Industry","Construction","1.0","0.03","0.03"
"2013","Northern Region","Punjab","03","Gurdaspur","032","Semi-Urban","Public Sector Banks","Industry","Chemicals & Chemical Products","5.0","1.66","1.63"
"2020","Southern Region","Karnataka","29","Bidar","529","Rural","Public Sector Banks","Personal Loans","Personal Credit Cards","99.0","0.24","0.16"
"2014","Central Region","Madhya Pradesh","23","Burhanpur","397","Urban","Regional Rural Banks","Industry","Other Industries","4.0","0.02","0.02"
"2012","Central Region","Chhattisgarh","22","Mahasamund","385","Semi-Urban","Public Sector Banks","Finance","Finance","20.0","0.41","0.37"
"2021","Eastern Region","Jharkhand","20","Hazaribagh","332","Urban","Public Sector Banks","Personal Loans","Housing","2502.0","364.98","278.69"
"2020","Northern Region","Punjab","03","Bathinda","028","Urban","Private Sector Banks","Professional And Other Services","Others","2941.0","157.54","112.82"
"2022","Southern Region","Karnataka","29","Mysuru","545","Urban","Private Sector Banks","Industry","Beverage & Tobacco","11.0","2.04","2.06"
"2018","Southern Region","Andhra Pradesh","28","Krishna","510","Metropolitan","Private Sector Banks","Industry","Basic Metals & Metal Products","65.0","75.84","66.78"
"2021","Eastern Region","Odisha","21","Gajapati","353","Rural","Regional Rural Banks","Agriculture","Direct Finance","2308.0","11.13","10.34"
"2012","North Eastern Region","Assam","18","Kokrajhar","294","Semi-Urban","Public Sector Banks","Industry","Textiles","259.0","6.13","3.71"
"2014","Eastern Region","Bihar","10","Siwan","222","Urban","Private Sector Banks","Industry","Paper, Paper Products & Printing","3.0","0.01","0.01"
"2017","Eastern Region","Odisha","21","Sonepur","372","Semi-Urban","Private Sector Banks","Industry","Other Industries","545.0","1.25","0.73"
"2023","Southern Region","Tamil Nadu","33","Mayiladuthurai","735","Semi-Urban","Private Sector Banks","Industry","Rubber & Plastic Products","2.0","0.5","0.36"
"2022","Northern Region","Rajasthan","08","Rajsamand","112","Semi-Urban","Public Sector Banks","Industry","Other Industries","1285.0","349.81","235.35"
"2019","Central Region","Chhattisgarh","22","Raigarh","386","Semi-Urban","Public Sector Banks","Industry","Construction","38.0","9.49","7.76"
"2017","Northern Region","Ladakh","37","Leh Ladakh","009","Semi-Urban","Private Sector Banks","Industry","Engineering","1.0","0.55","0.02"
"2022","Western Region","Gujarat","24","Panch Mahals","454","Semi-Urban","Small Finance Banks","Industry","Other Industries","1.0","0.01","0.01"
"2015","Central Region","Madhya Pradesh","23","Raisen","421","Rural","Regional Rural Banks","Industry","Other Industries","770.0","3.86","2.25"
"2010","Northern Region","Rajasthan","08","Karauli","108","Semi-Urban","Public Sector Banks","Industry","Chemicals & Chemical Products","3.0","0.07","0.02"
"2017","Western Region","Gujarat","24","Kachchh","449","Semi-Urban","Private Sector Banks","Industry","Electricity, Gas & Water","6.0","101.84","101.46"
"2022","Central Region","Chhattisgarh","22","Raigarh","386","Rural","Private Sector Banks","Industry","Textiles","9.0","0.02","0.02"
"2019","Western Region","Maharashtra","27","Parbhani","489","Urban","Public Sector Banks","All Others","All Others","619.0","14.57","9.96"
"2017","Western Region","Maharashtra","27","Mumbai","482","Metropolitan","Public Sector Banks","Industry","Electricity, Gas & Water","787.0","124367.2","88006.8"
"2017","Western Region","Maharashtra","27","Raigad","491","Metropolitan","Private Sector Banks","Professional And Other Services","Tourism, Hotel & Restaurants","1540.0","42.34","30.48"
"2013","Western Region","Gujarat","24","Anand","440","Semi-Urban","Public Sector Banks","Transport Operators","Transport Operators","1082.0","16.28","12.3"
"2011","Eastern Region","Odisha","21","Anugul","344","Semi-Urban","Public Sector Banks","Industry","Vehicles,Vehicle Parts & Transport Equipments","19.0","0.4","0.34"
"2019","Central Region","Uttar Pradesh","09","Hapur","661","Semi-Urban","Public Sector Banks","Industry","Electricity, Gas & Water","3.0","0.1","0.1"
"2017","Central Region","Madhya Pradesh","23","Burhanpur","397","Urban","Private Sector Banks","Personal Loans","Housing","3.0","0.66","0.67"
"2018","Southern Region","Tamil Nadu","33","Nagapattinam","579","Rural","Public Sector Banks","Industry","Food Manufacturing & Processing","144.0","2.88","1.97"
"2017","Eastern Region","Odisha","21","Jajapur","356","Rural","Public Sector Banks","Industry","Engineering","101.0","7.71","4.2"
"2020","Eastern Region","West Bengal","19","Kolkata","315","Metropolitan","Public Sector Banks","Transport Operators","Transport Operators","9206.0","1259.92","807.32"
"2013","Eastern Region","West Bengal","19","Uttar Dinajpur","311","Semi-Urban","Public Sector Banks","Trade","Retail Trade","2633.0","67.33","47.67"
"2022","Eastern Region","Sikkim","11","Namchi","227","Rural","Private Sector Banks","All Others","All Others","61.0","4.15","2.7"
"2021","Southern Region","Tamil Nadu","33","Thiruvarur","590","Rural","Foreign Banks","All Others","All Others","8.0","0.18","0.15"
"2021","Northern Region","Jammu And Kashmir","01","Samba","624","Semi-Urban","Public Sector Banks","Professional And Other Services","Professional Services","4.0","0.17","0.13"
"2022","Southern Region","Kerala","32","Kasaragod","558","Urban","Public Sector Banks","Industry","Electricity, Gas & Water","6.0","4.43","2.97"
"2015","Northern Region","Rajasthan","08","Chittorgarh","095","Semi-Urban","Private Sector Banks","Industry","Electricity, Gas & Water","1.0","0.5","0.39"
"2021","Southern Region","Kerala","32","Thrissur","566","Rural","Private Sector Banks","Industry","Textiles","64.0","5.9","5.35"
"2023","Southern Region","Tamil Nadu","33","Dharmapuri","571","Semi-Urban","Private Sector Banks","Industry","Other Industries","4476.0","35.82","23.58"
"2015","Central Region","Madhya Pradesh","23","Katni","413","Semi-Urban","Public Sector Banks","Personal Loans","Others","947.0","16.3","11.37"
"2021","Eastern Region","Odisha","21","Malkangiri","364","Rural","Public Sector Banks","Industry","Basic Metals & Metal Products","10.0","0.3","0.24"
"2023","Western Region","Maharashtra","27","Wardha","498","Semi-Urban","Private Sector Banks","Industry","Petroleum, Coal Products & Nuclear Fuels","5.0","0.51","0.48"
"2022","Central Region","Madhya Pradesh","23","Vidisha","437","Rural","Public Sector Banks","Trade","Retail Trade","2957.0","30.4","21.73"
"2013","Southern Region","Kerala","32","Kannur","557","Rural","Private Sector Banks","All Others","All Others","800.0","1.46","1.49"
"2019","Western Region","Gujarat","24","Gandhinagar","446","Semi-Urban","Public Sector Banks","Industry","Food Manufacturing & Processing","67.0","13.91","9.25"
"2016","Northern Region","Haryana","06","Sirsa","074","Urban","Private Sector Banks","Personal Loans","Others","1309.0","32.59","26.62"
"2016","Southern Region","Andhra Pradesh","28","Prakasam","517","Urban","Regional Rural Banks","Professional And Other Services","Others","316.0","12.18","8.54"
"2018","Central Region","Uttar Pradesh","09","Aligarh","119","Urban","Regional Rural Banks","Trade","Wholesale Trade","4.0","0.22","0.19"
"2023","Central Region","Madhya Pradesh","23","Anuppur","390","Rural","Regional Rural Banks","Industry","Food Manufacturing & Processing","21.0","0.05","0.04"
"2013","Central Region","Uttar Pradesh","09","Varanasi","187","Semi-Urban","Public Sector Banks","Industry","Textiles","664.0","27.01","17.64"
"2020","North Eastern Region","Meghalaya","17","South West Khasi Hills","658","Rural","Public Sector Banks","Trade","Wholesale Trade","1.0","0.0","0.0"
"2017","Western Region","Maharashtra","27","Nashik","487","Metropolitan","Public Sector Banks","Industry","Other Industries","575.0","118.64","88.05"
"2012","Central Region","Chhattisgarh","22","Rajnandgaon","388","Semi-Urban","Public Sector Banks","Personal Loans","Education","152.0","4.12","3.2"
"2020","Southern Region","Tamil Nadu","33","Karur","576","Semi-Urban","Foreign Banks","Professional And Other Services","Professional Services","40.0","0.01","0.0"
"2020","Western Region","Maharashtra","27","Wardha","498","Urban","Small Finance Banks","Industry","Engineering","12.0","0.03","0.02"
"2023","Central Region","Madhya Pradesh","23","Mandsaur","416","Rural","Small Finance Banks","Trade","Wholesale Trade","1.0","0.0","0.0"
"2014","Western Region","The Dadra And Nagar Haveli And Daman And Diu","38","Diu","464","Semi-Urban","Private Sector Banks","Agriculture","Direct Finance","48.0","0.64","0.62"
"2013","Central Region","Uttar Pradesh","09","Ghaziabad","145","Rural","Private Sector Banks","Industry","Engineering","4.0","1.1","0.53"
"2017","Northern Region","Jammu And Kashmir","01","Samba","624","Rural","Private Sector Banks","Industry","Construction","1.0","0.3","0.07"
"2016","Southern Region","Kerala","32","Thrissur","566","Urban","Public Sector Banks","Professional And Other Services","Others","2015.0","698.73","118.75"
"2023","Western Region","Maharashtra","27","Wardha","498","Urban","Public Sector Banks","Personal Loans","Others","9886.0","306.94","229.96"
"2017","Central Region","Chhattisgarh","22","Korba","383","Semi-Urban","Regional Rural Banks","Finance","Finance","15.0","0.19","0.15"
"2021","Eastern Region","West Bengal","19","Hooghly","312","Rural","Public Sector Banks","Industry","Other Industries","681.0","16.88","12.38"
"2023","Northern Region","Haryana","06","Mahendragarh","069","Semi-Urban","Private Sector Banks","Industry","Electricity, Gas & Water","1.0","0.03","0.03"
"2018","Eastern Region","Odisha","21","Kalahandi","358","Semi-Urban","Small Finance Banks","Personal Loans","Housing","138.0","0.35","0.21"
"2020","Southern Region","Karnataka","29","Davangere","535","Urban","Foreign Banks","Professional And Other Services","Others","141.0","0.05","0.04"
"2023","Northern Region","Punjab","03","Moga","038","Urban","Small Finance Banks","Professional And Other Services","Recreation Services","24.0","1.09","0.84"
"2010","Eastern Region","Bihar","10","Darbhanga","195","Rural","Public Sector Banks","Professional And Other Services","Recreation Services","1.0","0.01","0.0"
"2020","Southern Region","Andhra Pradesh","28","West Godavari","523","Rural","Regional Rural Banks","Industry","Food Manufacturing & Processing","29.0","0.33","0.29"
"2011","Eastern Region","West Bengal","19","Howrah","313","Rural","Regional Rural Banks","Industry","Woods And Wood Products","16.0","0.03","0.02"